{"mean_reward_test": 10871.205129830001, "timesteps": 73216, "_timestamp": 1696029253.0821772, "_runtime": 94.21172618865967, "_step": 461, "ep_len_mean": 109.0, "entropy_loss": -2.1267998882265755, "policy_gradient_loss": -0.006060421617783524, "value_loss": 834466.0764652014, "approx_kl": 0.008011432364583015, "clip_fraction": 0.01981742216117216, "loss": 366240.78125, "explained_variance": 5.960464477539063e-08, "Actions": 3.5078125, "'cpu'": 0.0, "Load": 7, "Reject": 7, "Reject with waste": 0, "Reject Total": 7, "Lead Time": 5.7, "Real Lead Time": 6.1, "Lead Time Variation": 0.4, "atraso": -1.0, "atraso_demanda": -1.0, "atraso_Demanda_class": -1, "_wandb": {"runtime": 92}}