{"Objective Value": 654.0, "steps": 0, "_timestamp": 1696007809.2759895, "_runtime": 49.98551344871521, "_step": 70}