{"mean_reward_test": 6359.39969753, "timesteps": 119808, "_timestamp": 1696426691.3194163, "_runtime": 146.51674222946167, "_step": 755, "ep_len_mean": 109.0, "entropy_loss": -2.0707317874545144, "policy_gradient_loss": -0.007475160549295854, "value_loss": 198704.4896978022, "approx_kl": 0.008588156662881374, "clip_fraction": 0.04246794871794872, "loss": 95966.0078125, "explained_variance": 0.0, "Actions": 4.58984375, "Yard": 0.0, "Load": 1, "Reject": 5, "Reject with waste": 0, "Reject Total": 5, "Lead Time": 5.6, "Real Lead Time": 6.0, "Lead Time Variation": 0.4, "atraso": -1.0, "atraso_demanda": -1.0, "atraso_Demanda_class": -1}