{"mean_reward_test": 7184.237324119999, "timesteps": 33280, "_timestamp": 1696516455.8633246, "_runtime": 54.762656688690186, "_step": 209, "ep_len_mean": 109.0, "entropy_loss": -2.2079361367138315, "policy_gradient_loss": -0.005924919605657677, "value_loss": 246303.30797847986, "approx_kl": 0.007718228735029697, "clip_fraction": 0.03416895604395604, "loss": 132342.84375, "explained_variance": 4.76837158203125e-07, "Actions": 4.578125, "Yard": 0.0, "Load": 4, "Reject": 8, "Reject with waste": 0, "Reject Total": 8, "Lead Time": 5.7, "Real Lead Time": 5.0, "Lead Time Variation": -0.7, "atraso": -1.0, "atraso_demanda": -1.0, "atraso_Demanda_class": -1, "_wandb": {"runtime": 54}}