{"mean_reward_test": 5231.315817866666, "timesteps": 3328, "_timestamp": 1696028767.488005, "_runtime": 6.961369037628174, "_step": 20, "ep_len_mean": 109.0, "entropy_loss": -2.296203763493688, "policy_gradient_loss": -0.00828079348123008, "value_loss": 357065.5534569597, "approx_kl": 0.012432877905666828, "clip_fraction": 0.026513850732600732, "loss": 163052.640625, "explained_variance": -9.989738464355469e-05, "Actions": 4.484375, "'cpu'": 0.0, "Load": 5, "Reject": 9, "Reject with waste": 0, "Reject Total": 9, "Lead Time": 5.9, "Real Lead Time": 5.9, "Lead Time Variation": 0.0, "atraso": -1.0, "atraso_demanda": -1.0, "atraso_Demanda_class": -1, "_wandb": {"runtime": 5}}