{"mean_reward_test": 8895.630909259999, "timesteps": 76544, "_timestamp": 1696605007.743906, "_runtime": 105.25649404525757, "_step": 482, "ep_len_mean": 109.0, "entropy_loss": -2.1629747462359976, "policy_gradient_loss": -0.0018694210096497784, "value_loss": 1109451.2273351648, "approx_kl": 0.002573682926595211, "clip_fraction": 0.0, "loss": 502341.0, "explained_variance": 1.7881393432617188e-07, "Actions": 4.96484375, "Yard": 0.0, "Load": 2, "Reject": 8, "Reject with waste": 0, "Reject Total": 8, "Lead Time": 5.2, "Real Lead Time": 3.5, "Lead Time Variation": -1.7, "atraso": -1.0, "atraso_demanda": -1.0, "atraso_Demanda_class": -1, "_wandb": {"runtime": 103}}