{"mean_reward_test": 10116.770644900002, "timesteps": 33280, "_timestamp": 1696527606.645739, "_runtime": 48.85832905769348, "_step": 209, "ep_len_mean": 109.0, "entropy_loss": -2.2744180937826415, "policy_gradient_loss": -0.005263302787360581, "value_loss": 717001.9136904762, "approx_kl": 0.005993501283228397, "clip_fraction": 0.020661630036630036, "loss": 385060.375, "explained_variance": 3.5762786865234375e-07, "Actions": 3.8984375, "Yard": 0.0, "Load": 3, "Reject": 6, "Reject with waste": 0, "Reject Total": 6, "Lead Time": 5.9, "Real Lead Time": 6.0, "Lead Time Variation": 0.1, "atraso": -1.0, "atraso_demanda": -1.0, "atraso_Demanda_class": -1, "_wandb": {"runtime": 47}}