{"mean_reward_test": 8913.841963, "timesteps": 3328, "_timestamp": 1696605988.4447057, "_runtime": 11.112164735794067, "_step": 20, "ep_len_mean": 109.0, "entropy_loss": -2.301578449242281, "policy_gradient_loss": -0.001969406032429892, "value_loss": 509284.20993589744, "approx_kl": 0.0025341883301734924, "clip_fraction": 0.0, "loss": 271096.8125, "explained_variance": -4.363059997558594e-05, "Actions": 4.4765625, "Yard": 0.0, "Load": 3, "Reject": 12, "Reject with waste": 0, "Reject Total": 12, "Lead Time": 5.6, "Real Lead Time": 4.9, "Lead Time Variation": -0.7, "atraso": -1.0, "atraso_demanda": -1.0, "atraso_Demanda_class": -1, "_wandb": {"runtime": 13}}