{"mean_reward_test": 6376.45244435, "timesteps": 1331200, "_timestamp": 1696430927.5681999, "_runtime": 1540.004683971405, "_step": 8399, "ep_len_mean": 109.0, "entropy_loss": -1.93896234472156, "policy_gradient_loss": -7.284480750888259e-05, "value_loss": 29848.44936541323, "approx_kl": 3.7294812500476837e-06, "clip_fraction": 0.0, "loss": 9109.10546875, "explained_variance": 0.763771191239357, "Actions": 3.8203125, "Yard": 0.0, "Load": 7, "Reject": 8, "Reject with waste": 2, "Reject Total": 10, "Lead Time": 5.4, "Real Lead Time": 7.2, "Lead Time Variation": 1.8, "atraso": -1.0, "atraso_demanda": -1.0, "atraso_Demanda_class": -1, "_wandb": {"runtime": 1538}}