{"mean_reward_test": 96945.41934764001, "timesteps": 332800, "_timestamp": 1696529516.597927, "_runtime": 421.122013092041, "_step": 2099, "ep_len_mean": 1009.0, "entropy_loss": -2.148799219727516, "policy_gradient_loss": -0.0031941819775965995, "value_loss": 273527.9901367187, "approx_kl": 0.03043464384973049, "clip_fraction": 0.0507568359375, "loss": 159423.765625, "explained_variance": -1.1920928955078125e-07, "Actions": 4.27734375, "Yard": 0.0, "Load": 56, "Reject": 40, "Reject with waste": 0, "Reject Total": 40, "Lead Time": 5.7, "Real Lead Time": 12.9, "Lead Time Variation": 7.2, "atraso": -1.0, "atraso_demanda": -1.0, "atraso_Demanda_class": -1, "_wandb": {"runtime": 419}}