{"mean_reward_test": 7576.3197169899995, "timesteps": 16640, "_timestamp": 1696356184.3049843, "_runtime": 27.949186325073242, "_step": 104, "ep_len_mean": 109.0, "entropy_loss": -2.2740402466211562, "policy_gradient_loss": -0.004645223944233014, "value_loss": 724166.6792582418, "approx_kl": 0.00589537201449275, "clip_fraction": 0.006510416666666667, "loss": 293122.90625, "explained_variance": -4.76837158203125e-07, "Actions": 4.43359375, "'cpu'": 0.0, "Load": 4, "Reject": 8, "Reject with waste": 0, "Reject Total": 8, "Lead Time": 6.0, "Real Lead Time": 6.1, "Lead Time Variation": 0.1, "atraso": -1.0, "atraso_demanda": -1.0, "atraso_Demanda_class": -1, "_wandb": {"runtime": 27}}