{"mean_reward_test": 9944.94996937, "timesteps": 33280, "_timestamp": 1696354360.670226, "_runtime": 67.25142812728882, "_step": 209, "ep_len_mean": 109.0, "entropy_loss": -2.271305338367001, "policy_gradient_loss": -0.0022380267740687828, "value_loss": 510641.4006410256, "approx_kl": 0.0026711253449320793, "clip_fraction": 0.0, "loss": 268442.53125, "explained_variance": -1.1920928955078125e-07, "Actions": 4.46875, "'cpu'": 0.0, "Load": 3, "Reject": 8, "Reject with waste": 0, "Reject Total": 8, "Lead Time": 5.6, "Real Lead Time": 6.1, "Lead Time Variation": 0.5, "atraso": -1.0, "atraso_demanda": -1.0, "atraso_Demanda_class": -1}