{"Objective Value": 2240.0, "steps": 0, "_timestamp": 1696007646.9946945, "_runtime": 2029.2143805027008, "_step": 229}