{"mean_reward_test": 9381.951926419999, "timesteps": 13312, "_timestamp": 1696028839.9072862, "_runtime": 18.183991193771362, "_step": 83, "ep_len_mean": 109.0, "entropy_loss": -2.284401704103519, "policy_gradient_loss": -0.0020480650688620497, "value_loss": 735099.6586538461, "approx_kl": 0.002552500693127513, "clip_fraction": 0.0, "loss": 386298.96875, "explained_variance": -1.3113021850585938e-06, "Actions": 4.578125, "Yard": 0.0, "Load": 2, "Reject": 3, "Reject with waste": 0, "Reject Total": 3, "Lead Time": 5.9, "Real Lead Time": 6.6, "Lead Time Variation": 0.7, "atraso": -1.0, "atraso_demanda": -1.0, "atraso_Demanda_class": -1, "_wandb": {"runtime": 16}}