{"mean_reward_test": 11994.512833320001, "timesteps": 1331200, "_timestamp": 1696432812.173045, "_runtime": 1537.6674559116364, "_step": 8399, "ep_len_mean": 109.0, "entropy_loss": -1.8982260991365483, "policy_gradient_loss": -0.00020001194612106015, "value_loss": 185078.0866529304, "approx_kl": 3.713231490110047e-05, "clip_fraction": 0.0, "loss": 80527.7265625, "explained_variance": 0.746920645236969, "Actions": 3.65234375, "Yard": 0.0, "Load": 5, "Reject": 12, "Reject with waste": 0, "Reject Total": 12, "Lead Time": 5.7, "Real Lead Time": 5.8, "Lead Time Variation": 0.1, "atraso": -1.0, "atraso_demanda": -1.0, "atraso_Demanda_class": -1, "_wandb": {"runtime": 1536}}