{"mean_reward_test": 9172.324075890001, "timesteps": 36608, "_timestamp": 1696354109.6272118, "_runtime": 75.64772391319275, "_step": 230, "ep_len_mean": 109.0, "entropy_loss": -2.2659621762705373, "policy_gradient_loss": -0.004242879169696307, "value_loss": 457848.9348672161, "approx_kl": 0.009431155398488045, "clip_fraction": 0.004006410256410256, "loss": 275421.5625, "explained_variance": 0.0, "Actions": 4.3125, "'cpu'": 0.0, "Load": 5, "Reject": 12, "Reject with waste": 0, "Reject Total": 12, "Lead Time": 6.0, "Real Lead Time": 6.4, "Lead Time Variation": 0.4, "atraso": -1.0, "atraso_demanda": -1.0, "atraso_Demanda_class": -1}