{"mean_reward_test": 10487.665640560002, "timesteps": 43264, "_timestamp": 1696516762.423776, "_runtime": 251.37795281410217, "_step": 272, "ep_len_mean": 109.0, "entropy_loss": -2.261117180625161, "policy_gradient_loss": -0.005085269685138713, "value_loss": 629236.5647893773, "approx_kl": 0.00860234908759594, "clip_fraction": 0.024639423076923076, "loss": 234776.40625, "explained_variance": 1.7881393432617188e-07, "Actions": 4.015625, "Yard": 0.0, "Load": 9, "Reject": 9, "Reject with waste": 0, "Reject Total": 9, "Lead Time": 5.8, "Real Lead Time": 5.1, "Lead Time Variation": -0.7, "atraso": -1.0, "atraso_demanda": -1.0, "atraso_Demanda_class": -1, "_wandb": {"runtime": 257}}