{"mean_reward_test": 8000.968061309999, "timesteps": 332800, "_timestamp": 1696528103.5913532, "_runtime": 440.6990792751312, "_step": 2099, "ep_len_mean": 109.0, "entropy_loss": -2.0580906378917203, "policy_gradient_loss": -0.005023659323768574, "value_loss": 261058.01905906593, "approx_kl": 0.007596246432512999, "clip_fraction": 0.0126058836996337, "loss": 152756.5625, "explained_variance": 0.0, "Actions": 4.58984375, "Yard": 0.0, "Load": 2, "Reject": 8, "Reject with waste": 0, "Reject Total": 8, "Lead Time": 6.0, "Real Lead Time": 7.6, "Lead Time Variation": 1.6, "atraso": -1.0, "atraso_demanda": -1.0, "atraso_Demanda_class": -1, "_wandb": {"runtime": 439}}