{"mean_reward_test": 10819.179786080002, "timesteps": 2233088, "_timestamp": 1696609067.3148553, "_runtime": 2740.4854233264923, "_step": 14090, "ep_len_mean": 109.0, "entropy_loss": -1.8657332475368793, "policy_gradient_loss": -8.869456807867839e-05, "value_loss": 72268.10429902129, "approx_kl": 8.384822649531998e-06, "clip_fraction": 0.0, "loss": 29099.341796875, "explained_variance": 0.7727403044700623, "Actions": 3.87109375, "Yard": 0.0, "Load": 1, "Reject": 2, "Reject with waste": 0, "Reject Total": 2, "Lead Time": 6.0, "Real Lead Time": 6.6, "Lead Time Variation": 0.6, "atraso": -1.0, "atraso_demanda": -1.0, "atraso_Demanda_class": -1, "_wandb": {"runtime": 2740}}