{"mean_reward_test": 6729.617956170001, "timesteps": 36608, "_timestamp": 1696609779.2644267, "_runtime": 53.14470863342285, "_step": 230, "ep_len_mean": 109.0, "entropy_loss": -2.2221780836363854, "policy_gradient_loss": -0.005414284760603211, "value_loss": 408643.334878663, "approx_kl": 0.009651297703385353, "clip_fraction": 0.018543956043956044, "loss": 167097.8125, "explained_variance": -3.5762786865234375e-07, "Actions": 4.53125, "Yard": 0.0, "Load": 6, "Reject": 11, "Reject with waste": 0, "Reject Total": 11, "Lead Time": 5.7, "Real Lead Time": 5.9, "Lead Time Variation": 0.2, "atraso": -1.0, "atraso_demanda": -1.0, "atraso_Demanda_class": -1, "_wandb": {"runtime": 52}}