{"mean_reward_test": 9071.743045129999, "timesteps": 13312, "_timestamp": 1696606071.315671, "_runtime": 19.899252891540527, "_step": 83, "ep_len_mean": 109.0, "entropy_loss": -2.285822263130775, "policy_gradient_loss": -0.003097240060001557, "value_loss": 753020.0718864469, "approx_kl": 0.002974676201120019, "clip_fraction": 0.0, "loss": 428571.09375, "explained_variance": 8.344650268554688e-07, "Actions": 4.5078125, "Yard": 0.0, "Load": 1, "Reject": 7, "Reject with waste": 0, "Reject Total": 7, "Lead Time": 5.8, "Real Lead Time": 5.5, "Lead Time Variation": -0.3, "atraso": -1.0, "atraso_demanda": -1.0, "atraso_Demanda_class": -1, "_wandb": {"runtime": 19}}