{"mean_reward_test": 13515.625283099997, "timesteps": 1002240, "_timestamp": 1696591486.997065, "_runtime": 14845.503216981888, "_step": 5480, "ep_len_mean": 104.0, "entropy_loss": -1.7708600791792075, "policy_gradient_loss": -0.0011922694268860416, "value_loss": 36135.24864532008, "approx_kl": 0.00229478208348155, "clip_fraction": 3.5511363636363635e-05, "loss": 2063.861083984375, "explained_variance": 0.185824453830719, "Actions": 5.8125, "Yard": 0.0, "Load": 14, "Reject": 6, "Reject with waste": 0, "Reject Total": 6, "Lead Time": 3.7142857142857144, "Real Lead Time": 3.2857142857142856, "Lead Time Variation": -0.42857142857142855, "atraso": -1.0, "atraso_demanda": -1.0, "atraso_Demanda_class": -1, "_wandb": {"runtime": 14841}}