{"mean_reward_test": 15031.309433970002, "timesteps": 332800, "_timestamp": 1696528571.6561592, "_runtime": 440.8390600681305, "_step": 2099, "ep_len_mean": 109.0, "entropy_loss": -2.1836811622857173, "policy_gradient_loss": -0.0026113215224960675, "value_loss": 1045276.0913461539, "approx_kl": 0.0029300623573362827, "clip_fraction": 0.0, "loss": 404149.25, "explained_variance": -1.1920928955078125e-07, "Actions": 3.8203125, "Yard": 0.0, "Load": 2, "Reject": 7, "Reject with waste": 0, "Reject Total": 7, "Lead Time": 6.0, "Real Lead Time": 6.6, "Lead Time Variation": 0.6, "atraso": -1.0, "atraso_demanda": -1.0, "atraso_Demanda_class": -1, "_wandb": {"runtime": 439}}