{"mean_reward_test": 5491.15403212, "timesteps": 332800, "_timestamp": 1696530203.4261696, "_runtime": 429.9226336479187, "_step": 2099, "ep_len_mean": 109.0, "entropy_loss": -2.0242153829707332, "policy_gradient_loss": -0.0008551759420187919, "value_loss": 148132.77481112638, "approx_kl": 0.00030064210295677185, "clip_fraction": 0.0, "loss": 57963.26171875, "explained_variance": 0.2541484236717224, "Actions": 5.21875, "Yard": 0.0, "Load": 3, "Reject": 6, "Reject with waste": 0, "Reject Total": 6, "Lead Time": 5.8, "Real Lead Time": 6.2, "Lead Time Variation": 0.4, "atraso": -1.0, "atraso_demanda": -1.0, "atraso_Demanda_class": -1, "_wandb": {"runtime": 428}}