{"mean_reward_test": 13863.926889590002, "timesteps": 2998528, "_timestamp": 1696527461.2358015, "_runtime": 10490.435693502426, "_step": 18920, "ep_len_mean": 109.0, "entropy_loss": -0.3297903665474483, "policy_gradient_loss": -1.4729642619689306e-05, "value_loss": 32315.861421130954, "approx_kl": 5.8703767535917e-07, "clip_fraction": 0.0, "loss": 4848.77392578125, "explained_variance": 0.8417041748762131, "Actions": 1.2265625, "Yard": 0.0, "Load": 4, "Reject": 6, "Reject with waste": 0, "Reject Total": 6, "Lead Time": 6.1, "Real Lead Time": 6.6, "Lead Time Variation": 0.5, "atraso": -1.0, "atraso_demanda": -1.0, "atraso_Demanda_class": -1, "_wandb": {"runtime": 10491}}