{"mean_reward_test": 10066.47397915, "timesteps": 156416, "_timestamp": 1696861554.233796, "_runtime": 200.89907383918762, "_step": 986, "ep_len_mean": 109.0, "entropy_loss": -2.0767694934383854, "policy_gradient_loss": -0.0052028186883668216, "value_loss": 605366.7667124543, "approx_kl": 0.009061871096491814, "clip_fraction": 0.016540750915750916, "loss": 279880.125, "explained_variance": 0.0, "Actions": 3.6875, "Yard": 0.0, "Load": 1, "Reject": 0, "Reject with waste": 0, "Reject Total": 0, "Lead Time": 5.9, "Real Lead Time": 6.4, "Lead Time Variation": 0.5, "atraso": -1.0, "atraso_demanda": -1.0, "atraso_Demanda_class": -1, "_wandb": {"runtime": 202}}