{"mean_reward_test": 5977.6850133, "timesteps": 1331200, "_timestamp": 1696434942.0549858, "_runtime": 1549.136685848236, "_step": 8399, "ep_len_mean": 109.0, "entropy_loss": -2.108143892043676, "policy_gradient_loss": -0.00039655598385375496, "value_loss": 14751.411224029876, "approx_kl": 0.0001231902278959751, "clip_fraction": 0.0, "loss": 5042.42822265625, "explained_variance": 0.7415525615215302, "Actions": 4.0078125, "Yard": 0.0, "Load": 6, "Reject": 11, "Reject with waste": 0, "Reject Total": 11, "Lead Time": 5.9, "Real Lead Time": 4.8, "Lead Time Variation": -1.1, "atraso": -1.0, "atraso_demanda": -1.0, "atraso_Demanda_class": -1, "_wandb": {"runtime": 1547}}