{"mean_reward_test": 6643.0353158399985, "timesteps": 19968, "_timestamp": 1696516924.7829337, "_runtime": 127.83923482894897, "_step": 106, "ep_len_mean": 109.0, "entropy_loss": -2.27933685421507, "policy_gradient_loss": -0.0026157055111540543, "value_loss": 371441.2284798535, "approx_kl": 0.003067468758672476, "clip_fraction": 0.011961996336996336, "loss": 156673.203125, "explained_variance": -4.0531158447265625e-06, "Actions": 4.23828125, "Yard": 0.0, "Load": 6, "Reject": 12, "Reject with waste": 0, "Reject Total": 12, "Lead Time": 6.1, "Real Lead Time": 6.8, "Lead Time Variation": 0.7, "atraso": -1.0, "atraso_demanda": -1.0, "atraso_Demanda_class": -1, "_wandb": {"runtime": 127}}