{"mean_reward_test": 10879.636513813186, "timesteps": 9984, "_timestamp": 1696606137.4167678, "_runtime": 15.344682931900024, "_step": 62, "ep_len_mean": 109.0, "entropy_loss": -2.293800339157328, "policy_gradient_loss": -0.003644972800826415, "value_loss": 830371.0247252748, "approx_kl": 0.005402031820267439, "clip_fraction": 0.0006581959706959707, "loss": 429629.0, "explained_variance": -3.5762786865234375e-07, "Actions": 4.4765625, "Yard": 0.0, "Load": 4, "Reject": 7, "Reject with waste": 0, "Reject Total": 7, "Lead Time": 5.9, "Real Lead Time": 5.8, "Lead Time Variation": -0.1, "atraso": -1.0, "atraso_demanda": -1.0, "atraso_Demanda_class": -1, "_wandb": {"runtime": 15}}