{"mean_reward_test": 6941.453422279998, "timesteps": 3328000, "_timestamp": 1696362866.882053, "_runtime": 3880.4819707870483, "_step": 20999, "ep_len_mean": 109.0, "entropy_loss": -2.127653875630417, "policy_gradient_loss": -0.0001409471554395098, "value_loss": 17652.776982457646, "approx_kl": 9.331565706816036e-06, "clip_fraction": 0.0, "loss": 5520.18505859375, "explained_variance": 0.9160898700356483, "Actions": 3.57421875, "'cpu'": 0.0, "Load": 3, "Reject": 4, "Reject with waste": 0, "Reject Total": 4, "Lead Time": 5.9, "Real Lead Time": 6.8, "Lead Time Variation": 0.9, "atraso": -1.0, "atraso_demanda": -1.0, "atraso_Demanda_class": -1, "_wandb": {"runtime": 3878}}