{"mean_reward_test": 10254.81934104, "timesteps": 16640, "_timestamp": 1696604809.721552, "_runtime": 25.944559812545776, "_step": 104, "ep_len_mean": 109.0, "entropy_loss": -2.241027446020217, "policy_gradient_loss": -0.003758953015606564, "value_loss": 917138.7140567766, "approx_kl": 0.004888857249170542, "clip_fraction": 0.006725045787545788, "loss": 493835.75, "explained_variance": -4.76837158203125e-07, "Actions": 4.8203125, "Yard": 0.0, "Load": 3, "Reject": 12, "Reject with waste": 0, "Reject Total": 12, "Lead Time": 5.7, "Real Lead Time": 6.5, "Lead Time Variation": 0.8, "atraso": -1.0, "atraso_demanda": -1.0, "atraso_Demanda_class": -1, "_wandb": {"runtime": 26}}