{"mean_reward_test": 8757.91593374, "timesteps": 1002496, "_timestamp": 1696576602.7381842, "_runtime": 4572.8616371154785, "_step": 7475, "ep_len_mean": 104.0, "entropy_loss": -0.8984018990830067, "policy_gradient_loss": -0.000500607730505327, "value_loss": 3141387.694745464, "approx_kl": 0.0014010597951710224, "clip_fraction": 0.003528225806451613, "loss": 1409393.5, "explained_variance": 0.0, "Actions": 3.375, "Yard": 10.0, "Load": 5, "Reject": 4, "Reject with waste": 0, "Reject Total": 4, "Lead Time": 3.5714285714285716, "Real Lead Time": 4.0, "Lead Time Variation": 0.42857142857142855, "atraso": -1.0, "atraso_demanda": -1.0, "atraso_Demanda_class": -1, "_wandb": {"runtime": 4572}}