{"Objective Value": 3016.0, "steps": 0, "_timestamp": 1696018085.9697506, "_runtime": 9531.189177751541, "_step": 292}