{"mean_reward_test": 12281.626908930004, "timesteps": 133120, "_timestamp": 1696605419.7388947, "_runtime": 167.80856680870056, "_step": 839, "ep_len_mean": 109.0, "entropy_loss": -2.259617668368441, "policy_gradient_loss": -0.005527991591696884, "value_loss": 615219.0310210623, "approx_kl": 0.007769852876663208, "clip_fraction": 0.010602678571428572, "loss": 267838.03125, "explained_variance": -1.1920928955078125e-07, "Actions": 4.09375, "Yard": 0.0, "Load": 2, "Reject": 9, "Reject with waste": 0, "Reject Total": 9, "Lead Time": 5.6, "Real Lead Time": 5.1, "Lead Time Variation": -0.5, "atraso": -1.0, "atraso_demanda": -1.0, "atraso_Demanda_class": -1, "_wandb": {"runtime": 169}}