{"mean_reward_test": 6667.779813589999, "timesteps": 33280, "_timestamp": 1696352869.719402, "_runtime": 45.34316802024841, "_step": 209, "ep_len_mean": 109.0, "entropy_loss": -2.207299608887334, "policy_gradient_loss": -0.005406232843271051, "value_loss": 397157.32623626373, "approx_kl": 0.009673530235886574, "clip_fraction": 0.008141597985347986, "loss": 170692.375, "explained_variance": 1.7881393432617188e-07, "Actions": 4.74609375, "'cpu'": 0.0, "Load": 2, "Reject": 8, "Reject with waste": 0, "Reject Total": 8, "Lead Time": 5.5, "Real Lead Time": 5.0, "Lead Time Variation": -0.5, "atraso": -1.0, "atraso_demanda": -1.0, "atraso_Demanda_class": -1, "_wandb": {"runtime": 43}}