{"mean_reward_test": 4325.66674185, "timesteps": 332800, "_timestamp": 1696353397.8729684, "_runtime": 401.86497139930725, "_step": 2099, "ep_len_mean": 109.0, "entropy_loss": -1.9783479752558055, "policy_gradient_loss": -0.0006770401670266584, "value_loss": 95998.80963827838, "approx_kl": 0.00046589269186370075, "clip_fraction": 0.0, "loss": 45774.3359375, "explained_variance": 0.43524134159088135, "Actions": 4.4296875, "'cpu'": 0.0, "Load": 1, "Reject": 8, "Reject with waste": 0, "Reject Total": 8, "Lead Time": 5.8, "Real Lead Time": 5.3, "Lead Time Variation": -0.5, "atraso": -1.0, "atraso_demanda": -1.0, "atraso_Demanda_class": -1, "_wandb": {"runtime": 399}}