{"mean_reward_test": 10739.748166219997, "timesteps": 3328000, "_timestamp": 1696534996.64608, "_runtime": 4377.217363119125, "_step": 20999, "ep_len_mean": 109.0, "entropy_loss": -1.863174781694517, "policy_gradient_loss": -0.00010720011735532856, "value_loss": 43370.8473879636, "approx_kl": 4.765452104038559e-06, "clip_fraction": 0.0, "loss": 6948.0322265625, "explained_variance": 0.7086142301559448, "Actions": 2.9140625, "Yard": 0.0, "Load": 1, "Reject": 5, "Reject with waste": 0, "Reject Total": 5, "Lead Time": 5.6, "Real Lead Time": 5.8, "Lead Time Variation": 0.2, "atraso": -1.0, "atraso_demanda": -1.0, "atraso_Demanda_class": -1, "_wandb": {"runtime": 4375}}