{"Objective Value": 3618.0, "steps": 0, "_timestamp": 1696028659.4819062, "_runtime": 1277.5709390640259, "_step": 348}