{"mean_reward_test": 9114.173034679998, "timesteps": 1331200, "_timestamp": 1696428360.657781, "_runtime": 1558.339017868042, "_step": 8399, "ep_len_mean": 109.0, "entropy_loss": -1.9849128548478905, "policy_gradient_loss": -0.00026627919626432463, "value_loss": 29968.95995736035, "approx_kl": 3.946877041016705e-05, "clip_fraction": 0.0, "loss": 5181.40185546875, "explained_variance": 0.6796870529651642, "Actions": 3.6640625, "Yard": 0.0, "Load": 4, "Reject": 9, "Reject with waste": 0, "Reject Total": 9, "Lead Time": 5.7, "Real Lead Time": 4.8, "Lead Time Variation": -0.9, "atraso": -1.0, "atraso_demanda": -1.0, "atraso_Demanda_class": -1, "_wandb": {"runtime": 1556}}