{"mean_reward_test": 7878.75799767, "timesteps": 56576, "_timestamp": 1696426875.7905357, "_runtime": 73.47177267074585, "_step": 356, "ep_len_mean": 109.0, "entropy_loss": -2.205608152207874, "policy_gradient_loss": -0.005048343925412758, "value_loss": 432638.69196428574, "approx_kl": 0.008577278815209866, "clip_fraction": 0.011876144688644688, "loss": 197385.109375, "explained_variance": 3.5762786865234375e-07, "Actions": 3.76953125, "Yard": 0.0, "Load": 2, "Reject": 2, "Reject with waste": 0, "Reject Total": 2, "Lead Time": 5.7, "Real Lead Time": 5.5, "Lead Time Variation": -0.2, "atraso": -1.0, "atraso_demanda": -1.0, "atraso_Demanda_class": -1}