{"mean_reward_test": 135438.79097517004, "timesteps": 332800, "_timestamp": 1696529063.8791611, "_runtime": 420.72734212875366, "_step": 2099, "ep_len_mean": 1009.0, "entropy_loss": -2.2018613658108555, "policy_gradient_loss": -0.00684065859320901, "value_loss": 88484.80382898351, "approx_kl": 0.007251737639307976, "clip_fraction": 0.045000572344322344, "loss": 43400.734375, "explained_variance": 0.0, "Actions": 4.6640625, "Yard": 0.0, "Load": 44, "Reject": 55, "Reject with waste": 0, "Reject Total": 55, "Lead Time": 5.6, "Real Lead Time": 5.7, "Lead Time Variation": 0.1, "atraso": -1.0, "atraso_demanda": -1.0, "atraso_Demanda_class": -1, "_wandb": {"runtime": 419}}