{"Objective Value": 6417.0, "steps": "stable_baselines3.common.base_class.BaseAlgorithm.getNumTimeStep", "_timestamp": 1696264774.0169375, "_runtime": 5859.545641422272, "_step": 659, "mean_reward_test": 11306.746464933334, "timesteps": 3328, "ep_len_mean": 109.0, "entropy_loss": -2.301573334159432, "policy_gradient_loss": -0.0023846521525005826, "value_loss": 978685.7621336996, "approx_kl": 0.0031106979586184025, "clip_fraction": 0.0, "loss": 485586.9375, "explained_variance": 0.0002676844596862793, "Actions": 4.71484375, "Yard": 0.0, "Load": 5, "Reject": 8, "Reject with waste": 0, "Reject Total": 8, "Lead Time": 5.8, "Real Lead Time": 4.5, "Lead Time Variation": -1.3, "atraso": -1.0, "atraso_demanda": -1.0, "atraso_Demanda_class": -1}