{"mean_reward_test": 5732.933915119999, "timesteps": 26624, "_timestamp": 1696610456.8936458, "_runtime": 37.95057988166809, "_step": 167, "ep_len_mean": 109.0, "entropy_loss": -2.2571787519769355, "policy_gradient_loss": -0.004499140786580169, "value_loss": 369108.79876373627, "approx_kl": 0.005194989498704672, "clip_fraction": 0.009000114468864468, "loss": 199903.796875, "explained_variance": 7.152557373046875e-07, "Actions": 4.28125, "Yard": 0.0, "Load": 2, "Reject": 8, "Reject with waste": 0, "Reject Total": 8, "Lead Time": 5.6, "Real Lead Time": 4.9, "Lead Time Variation": -0.7, "atraso": -1.0, "atraso_demanda": -1.0, "atraso_Demanda_class": -1, "_wandb": {"runtime": 39}}