{"mean_reward_test": 6818.269751879999, "timesteps": 1331200, "_timestamp": 1696431782.521002, "_runtime": 1793.83150100708, "_step": 8799, "ep_len_mean": 109.0, "entropy_loss": -2.0179536307687727, "policy_gradient_loss": -0.00025992010227121387, "value_loss": 40354.454423506184, "approx_kl": 3.736154394573532e-05, "clip_fraction": 0.0, "loss": 15235.9482421875, "explained_variance": 0.7571899592876434, "Actions": 4.265625, "Yard": 0.0, "Load": 5, "Reject": 12, "Reject with waste": 0, "Reject Total": 12, "Lead Time": 5.5, "Real Lead Time": 6.0, "Lead Time Variation": 0.5, "atraso": -1.0, "atraso_demanda": -1.0, "atraso_Demanda_class": -1, "runs/52dkvawn/PPO_1/global_step": 1331200, "runs/52dkvawn/PPO_1/time/fps": 748.0, "global_step": 1331200, "runs/52dkvawn/PPO_1/rollout/ep_rew_mean": 6818.26953125, "runs/52dkvawn/PPO_1/rollout/ep_len_mean": 109.0, "runs/52dkvawn/PPO_1/train/approx_kl": 5.148111085873097e-05, "runs/52dkvawn/PPO_1/train/policy_gradient_loss": -0.00027562814648263156, "runs/52dkvawn/PPO_1/train/loss": 16570.46875, "runs/52dkvawn/PPO_1/train/learning_rate": 0.00036601448664441705, "runs/52dkvawn/PPO_1/train/value_loss": 58265.1875, "runs/52dkvawn/PPO_1/train/entropy_loss": -2.0071394443511963, "runs/52dkvawn/PPO_1/train/clip_range": 0.20000000298023224, "runs/52dkvawn/PPO_1/train/clip_fraction": 0.0, "runs/52dkvawn/PPO_1/train/explained_variance": 0.694273829460144, "_wandb": {"runtime": 1793}}