{"mean_reward_test": 10994.953010800002, "timesteps": 33280, "_timestamp": 1696028963.274339, "_runtime": 41.23378086090088, "_step": 209, "ep_len_mean": 109.0, "entropy_loss": -2.232749340735076, "policy_gradient_loss": -0.0021320025107376414, "value_loss": 815569.609775641, "approx_kl": 0.003670196747407317, "clip_fraction": 0.00038633241758241757, "loss": 378830.46875, "explained_variance": 0.0, "Actions": 4.16015625, "Yard": 0.0, "Load": 4, "Reject": 6, "Reject with waste": 0, "Reject Total": 6, "Lead Time": 5.5, "Real Lead Time": 6.6, "Lead Time Variation": 1.1, "atraso": -1.0, "atraso_demanda": -1.0, "atraso_Demanda_class": -1, "_wandb": {"runtime": 39}}