{"mean_reward_test": 9525.19726367, "timesteps": 521216, "_timestamp": 1696601395.531633, "_runtime": 9867.845165967941, "_step": 10669, "ep_len_mean": 104.0, "entropy_loss": -1.6636582000979356, "policy_gradient_loss": -0.0034194565159850754, "value_loss": 13809.285414196196, "approx_kl": 0.0032677645795047283, "clip_fraction": 9.300595238095238e-05, "loss": 1391.9189453125, "explained_variance": 0.5274197459220886, "Actions": 5.75, "Yard": 0.0, "Load": 13, "Reject": 10, "Reject with waste": 0, "Reject Total": 10, "Lead Time": 3.7142857142857144, "Real Lead Time": 3.5714285714285716, "Lead Time Variation": -0.14285714285714285, "atraso": -1.0, "atraso_demanda": -1.0, "atraso_Demanda_class": -1}