{"mean_reward_test": 11213.30259241, "timesteps": 81920, "_timestamp": 1696593268.3342893, "_runtime": 1740.647822380066, "_step": 1660, "ep_len_mean": 104.0, "entropy_loss": -1.8326403769176631, "policy_gradient_loss": -0.008048309785884894, "value_loss": 264660.47519111633, "approx_kl": 0.005528848618268967, "clip_fraction": 0.008463541666666666, "loss": 134972.0625, "explained_variance": 0.29219669103622437, "Actions": 4.75, "Yard": 0.0, "Load": 8, "Reject": 13, "Reject with waste": 0, "Reject Total": 13, "Lead Time": 3.857142857142857, "Real Lead Time": 4.714285714285714, "Lead Time Variation": 0.8571428571428571, "atraso": -1.0, "atraso_demanda": -1.0, "atraso_Demanda_class": -1}