{"mean_reward_test": 9861.76294391, "timesteps": 78848, "_timestamp": 1696593202.5246003, "_runtime": 1674.8381333351135, "_step": 1616, "ep_len_mean": 104.0, "entropy_loss": -1.8790964107250883, "policy_gradient_loss": -0.00482779171354542, "value_loss": 280313.94749423437, "approx_kl": 0.002903554355725646, "clip_fraction": 0.00720796130952381, "loss": 1421.09765625, "explained_variance": -0.3231557607650757, "Actions": 5.25, "Yard": 10.0, "Load": 3, "Reject": 4, "Reject with waste": 0, "Reject Total": 4, "Lead Time": 3.5714285714285716, "Real Lead Time": 3.7142857142857144, "Lead Time Variation": 0.14285714285714285, "atraso": -1.0, "atraso_demanda": -1.0, "atraso_Demanda_class": -1}