{"mean_reward_test": 12069.642634060001, "timesteps": 558080, "_timestamp": 1696602209.4848363, "_runtime": 10681.798369407654, "_step": 11444, "ep_len_mean": 104.0, "entropy_loss": -1.6004987678357534, "policy_gradient_loss": -0.0026668784696431387, "value_loss": 17778.040740058535, "approx_kl": 0.0030844230204820633, "clip_fraction": 0.0004650297619047619, "loss": 865.66748046875, "explained_variance": 0.7009345293045044, "Actions": 3.625, "Yard": 0.0, "Load": 3, "Reject": 4, "Reject with waste": 0, "Reject Total": 4, "Lead Time": 3.7142857142857144, "Real Lead Time": 3.857142857142857, "Lead Time Variation": 0.14285714285714285, "atraso": -1.0, "atraso_demanda": -1.0, "atraso_Demanda_class": -1}